<?xml version="1.0" encoding="UTF-8"?>
<flow id="77c5966b-1610-4501-b62f-382952db6d14">
  <descriptionCdata><![CDATA[77c5966b-1610-4501-b62f-382952db6d14.2b562385-3942-40a2-91d0-552704ad6a55.description=<pre> \nCheck to see if the value stored in a specified flow variable, denoted by key, is null.\n\nInputs\:\n    keyName - The key to check, i.e. the name of the flow variable. \n    trimSpaces - If set on "true" then all the whitespaces will be removed from the value stored. \nValid values\: true, false\nDefault value\: false\n\nReturns\: \n    The value in the specified key, i.e. flow variable with all whitespaces removed.\n\nResponses\:\n    isNull - If the key is a null pointer, i.e. the flow variable doesn't have an assigned value.\n    notNull - If some value is stored in the key, i.e the flow variable has a value assigned. \n\nNotes\: \n    1. If the "trimSpaces" input is set on "true" and the value from "keyName" contains only whitespaces then the response will be "isNull". \n    2. If the "trimSpaces" input is set on "false" and the value from "keyName" contains only whitespaces then the response will be "notNull". \n    3. If any other value than "true" or "false" is passed on "trimSpaces" input then the default value (false) will be used.\n</pre>
77c5966b-1610-4501-b62f-382952db6d14.41b83837-ef41-4c94-a8dc-072302735caa.description=<pre>\nThis operation does not do anything. It can be used to filter flow variables by defining them as inputs and filtering them in the Results tab.\n\nInputs\:\n    field1 \u2013 An optional input that can be used for filtering flow variables.\n    field2 \u2013 An optional input that can be used for filtering flow variables.\n    field3 \u2013 An optional input that can be used for filtering flow variables.\n    field4 \u2013 An optional input that can be used for filtering flow variables.\n\nResults\:\n    returnResult - This is the primary output. It contains the value of  "field1" as it was specified at input or when filtered. \n\nResponses\:\n    success - The operation completed as stated in the description.\n</pre>
77c5966b-1610-4501-b62f-382952db6d14.d89e84a6-8b43-4af5-863c-0b6d8eda5188.description=<pre>\nThis operation does not do anything. It can be used to filter flow variables by defining them as inputs and filtering them in the Results tab.\n\nInputs\:\n    field1 \u2013 An optional input that can be used for filtering flow variables.\n    field2 \u2013 An optional input that can be used for filtering flow variables.\n    field3 \u2013 An optional input that can be used for filtering flow variables.\n    field4 \u2013 An optional input that can be used for filtering flow variables.\n\nResults\:\n    returnResult - This is the primary output. It contains the value of  "field1" as it was specified at input or when filtered. \n\nResponses\:\n    success - The operation completed as stated in the description.\n</pre>
]]></descriptionCdata>
  <annotation></annotation>
  <name>HCMX Error Handling</name>
  <categories/>
  <inputs>
    <staticBinding id="443ec2aa-3346-4c75-becc-dd31dc91d4aa">
      <annotation></annotation>
      <assignFromContext>true</assignFromContext>
      <assignToContext>false</assignToContext>
      <inputType>STRING</inputType>
      <isList>false</isList>
      <required>false</required>
      <isPersisted>true</isPersisted>
      <inputSymbol>failureMessage</inputSymbol>
      <listDelimiter>,</listDelimiter>
      <value></value>
      <record>false</record>
    </staticBinding>
    <staticBinding id="2f95eab9-07a6-4298-8b60-f7b63d3e0edf">
      <annotation></annotation>
      <assignFromContext>true</assignFromContext>
      <assignToContext>false</assignToContext>
      <inputType>STRING</inputType>
      <isList>false</isList>
      <required>false</required>
      <isPersisted>true</isPersisted>
      <inputSymbol>oorunId</inputSymbol>
      <listDelimiter>,</listDelimiter>
      <value></value>
      <record>false</record>
    </staticBinding>
    <staticBinding id="4173da94-79b5-474c-9881-c8e51c5d5ccc">
      <annotation></annotation>
      <assignFromContext>true</assignFromContext>
      <assignToContext>false</assignToContext>
      <inputType>STRING</inputType>
      <isList>false</isList>
      <required>false</required>
      <isPersisted>true</isPersisted>
      <inputSymbol>constantFailureMessage</inputSymbol>
      <listDelimiter>,</listDelimiter>
      <value></value>
      <record>false</record>
    </staticBinding>
  </inputs>
  <possibleResponses>
    <opResponse id="6e639dba-baaf-477b-ba5b-4f01f05ad627">
      <annotation></annotation>
      <name>success</name>
      <isDefault>true</isDefault>
      <onFailure>false</onFailure>
      <type>RESOLVED</type>
      <matchRules/>
    </opResponse>
  </possibleResponses>
  <availableResultExpressions>
    <expression id="e8444667-9ae1-4cff-bec2-1560240b10be">
      <annotation></annotation>
      <name>failureMessage</name>
      <fieldName>failureJson</fieldName>
      <sourceType>RAWRESULT</sourceType>
      <filters/>
    </expression>
  </availableResultExpressions>
  <resultExpression id="b3573a41-d252-4f6b-8a94-63375a07c7ca">
    <annotation></annotation>
    <name>FailureMessage</name>
    <fieldName>FailureMessage</fieldName>
    <sourceType>RAWRESULT</sourceType>
    <filters/>
  </resultExpression>
  <iconSpec id="ea43bf7e-ac43-4624-af10-688b63cd474b">
    <baseIcon>flow.png</baseIcon>
    <basePath>System</basePath>
    <readOnly>false</readOnly>
    <layers/>
  </iconSpec>
  <callouts/>
  <checkPointFlow>true</checkPointFlow>
  <compatibleRuntimeContext>false</compatibleRuntimeContext>
  <historyCheckPointFlow>true</historyCheckPointFlow>
  <steps>
    <step id="2b562385-3942-40a2-91d0-552704ad6a55">
      <annotation>77c5966b-1610-4501-b62f-382952db6d14.2b562385-3942-40a2-91d0-552704ad6a55.description</annotation>
      <name>Check Null</name>
      <bounds>
        <x>71.0</x>
        <y>142.0</y>
      </bounds>
      <layer>-1</layer>
      <hideInbound>false</hideInbound>
      <addResultToRunContext>false</addResultToRunContext>
      <isCriticalStep>false</isCriticalStep>
      <isNonBlocking>false</isNonBlocking>
      <isParallelStep>false</isParallelStep>
      <isSingleResponse>false</isSingleResponse>
      <recordInHistory>false</recordInHistory>
      <recordRawOutput>true</recordRawOutput>
      <recordPrimaryOutput>true</recordPrimaryOutput>
      <checkPointStep>true</checkPointStep>
      <historyCheckPointStep>true</historyCheckPointStep>
      <scriptResultStep>false</scriptResultStep>
      <userPrompt></userPrompt>
      <bindings>
        <staticBinding id="04351ee3-e3fd-4bf2-8509-8965977634a1">
          <annotation></annotation>
          <assignFromContext>false</assignFromContext>
          <assignToContext>false</assignToContext>
          <inputType>STRING</inputType>
          <isList>false</isList>
          <required>true</required>
          <isPersisted>true</isPersisted>
          <inputSymbol>keyName</inputSymbol>
          <listDelimiter>,</listDelimiter>
          <value>failureMessage</value>
          <record>false</record>
        </staticBinding>
        <staticBinding id="7c2d8d7d-c655-4641-b3ef-6255e14ddfb8">
          <annotation></annotation>
          <assignFromContext>false</assignFromContext>
          <assignToContext>false</assignToContext>
          <inputType>STRING</inputType>
          <isList>false</isList>
          <required>false</required>
          <isPersisted>true</isPersisted>
          <inputSymbol>trimSpaces</inputSymbol>
          <listDelimiter>,</listDelimiter>
          <value>false</value>
          <record>false</record>
        </staticBinding>
      </bindings>
      <transitions>
        <transition id="3f4c9487-4e9f-43ae-bdf1-43455930a488">
          <annotation></annotation>
          <name>isNull</name>
          <command>NEXT</command>
          <linkMode>false</linkMode>
          <responseSymbol>isNull</responseSymbol>
          <shouldHandoff>false</shouldHandoff>
          <transitionValue>0.0</transitionValue>
          <destination>
            <refId>41b83837-ef41-4c94-a8dc-072302735caa</refId>
          </destination>
          <source>
            <refId>2b562385-3942-40a2-91d0-552704ad6a55</refId>
          </source>
          <positions>
            <point>
              <x>77.0</x>
              <y>145.0</y>
            </point>
            <point>
              <x>254.0</x>
              <y>174.0</y>
            </point>
          </positions>
          <labelPosition>
            <x>333.0</x>
            <y>0.0</y>
          </labelPosition>
        </transition>
        <transition id="cd951a55-7d9a-4087-8e57-d547af2a4d84">
          <annotation></annotation>
          <name>notNull</name>
          <command>NEXT</command>
          <linkMode>false</linkMode>
          <responseSymbol>notNull</responseSymbol>
          <shouldHandoff>false</shouldHandoff>
          <transitionValue>0.0</transitionValue>
          <destination>
            <refId>d89e84a6-8b43-4af5-863c-0b6d8eda5188</refId>
          </destination>
          <source>
            <refId>2b562385-3942-40a2-91d0-552704ad6a55</refId>
          </source>
          <positions>
            <point>
              <x>121.0</x>
              <y>179.0</y>
            </point>
            <point>
              <x>290.0</x>
              <y>334.0</y>
            </point>
          </positions>
          <labelPosition>
            <x>333.0</x>
            <y>0.0</y>
          </labelPosition>
        </transition>
      </transitions>
      <properties/>
      <opRef>
        <refId>b9997f7f-d19c-4dc6-acc4-fa91a8644a38</refId>
      </opRef>
      <assignments>
        <flowVariableAssignment id="10a24b6c-3f0d-423e-ad79-c3bd72a64383">
          <annotation></annotation>
          <name>assignment</name>
          <action>OVERWRITE</action>
          <assignmentTargetType>FLOW_VARIABLE</assignmentTargetType>
          <contextKey>result</contextKey>
          <expression id="0fb48238-1f0d-472f-b6bb-6218ee854abd">
            <annotation></annotation>
            <name>Result Field: returnResult</name>
            <fieldName>returnResult</fieldName>
            <sourceType>RAWRESULT</sourceType>
            <filters/>
          </expression>
        </flowVariableAssignment>
      </assignments>
      <throttleSize>0</throttleSize>
    </step>
    <step id="41b83837-ef41-4c94-a8dc-072302735caa">
      <annotation>77c5966b-1610-4501-b62f-382952db6d14.41b83837-ef41-4c94-a8dc-072302735caa.description</annotation>
      <name>Set failure Message</name>
      <bounds>
        <x>245.0</x>
        <y>142.0</y>
      </bounds>
      <layer>-1</layer>
      <hideInbound>false</hideInbound>
      <iconSpec id="247f63c6-fcb4-451d-b3f1-6b0ab21e8ee8">
        <baseIcon>bug_yellow.png</baseIcon>
        <basePath>/Others/</basePath>
        <readOnly>false</readOnly>
        <layers/>
      </iconSpec>
      <addResultToRunContext>false</addResultToRunContext>
      <isCriticalStep>false</isCriticalStep>
      <isNonBlocking>false</isNonBlocking>
      <isParallelStep>false</isParallelStep>
      <isSingleResponse>false</isSingleResponse>
      <recordInHistory>false</recordInHistory>
      <recordRawOutput>true</recordRawOutput>
      <recordPrimaryOutput>true</recordPrimaryOutput>
      <checkPointStep>true</checkPointStep>
      <historyCheckPointStep>true</historyCheckPointStep>
      <scriptResultStep>false</scriptResultStep>
      <userPrompt></userPrompt>
      <bindings>
        <staticBinding id="c044b3c2-230d-4c8e-95c7-c2353d98aa6c">
          <annotation></annotation>
          <assignFromContext>false</assignFromContext>
          <assignToContext>false</assignToContext>
          <inputType>STRING</inputType>
          <isList>false</isList>
          <required>false</required>
          <isPersisted>true</isPersisted>
          <inputSymbol>field1</inputSymbol>
          <listDelimiter>,</listDelimiter>
          <value>${constantFailureMessage}</value>
          <record>false</record>
        </staticBinding>
      </bindings>
      <transitions>
        <transition id="12c84f53-8a88-4246-8ef2-2f0361651e5a">
          <annotation></annotation>
          <name>success</name>
          <command>NEXT</command>
          <linkMode>false</linkMode>
          <responseSymbol>success</responseSymbol>
          <shouldHandoff>false</shouldHandoff>
          <transitionValue>0.0</transitionValue>
          <destination>
            <refId>d89e84a6-8b43-4af5-863c-0b6d8eda5188</refId>
          </destination>
          <source>
            <refId>41b83837-ef41-4c94-a8dc-072302735caa</refId>
          </source>
          <positions>
            <point>
              <x>254.0</x>
              <y>174.0</y>
            </point>
            <point>
              <x>290.0</x>
              <y>334.0</y>
            </point>
          </positions>
          <labelPosition>
            <x>333.0</x>
            <y>0.0</y>
          </labelPosition>
        </transition>
      </transitions>
      <properties/>
      <opRef>
        <refId>ddd79f22-8b1e-4605-88d5-d912bb2da2b9</refId>
      </opRef>
      <assignments>
        <flowVariableAssignment id="f62feb53-d365-469b-ad7e-007f68de418b">
          <annotation></annotation>
          <name>assignment</name>
          <action>OVERWRITE</action>
          <assignmentTargetType>FLOW_VARIABLE</assignmentTargetType>
          <contextKey>failureMessage</contextKey>
          <expression id="dae574c4-6661-4350-b3c3-2f60af6ded47">
            <annotation></annotation>
            <name>Input: field1</name>
            <fieldName>field1</fieldName>
            <sourceType>INPUT</sourceType>
            <filters/>
          </expression>
        </flowVariableAssignment>
      </assignments>
      <throttleSize>0</throttleSize>
    </step>
    <returnStep id="e4672a3e-7594-4ca5-aadf-eabbd7e94c7b">
      <annotation></annotation>
      <name>Resolved : success</name>
      <bounds>
        <x>403.0</x>
        <y>301.0</y>
      </bounds>
      <layer>-1</layer>
      <hideInbound>false</hideInbound>
      <addResultToRunContext>false</addResultToRunContext>
      <isCriticalStep>false</isCriticalStep>
      <isNonBlocking>false</isNonBlocking>
      <isParallelStep>false</isParallelStep>
      <isSingleResponse>false</isSingleResponse>
      <recordInHistory>false</recordInHistory>
      <recordRawOutput>true</recordRawOutput>
      <recordPrimaryOutput>true</recordPrimaryOutput>
      <checkPointStep>true</checkPointStep>
      <historyCheckPointStep>true</historyCheckPointStep>
      <scriptResultStep>false</scriptResultStep>
      <userPrompt></userPrompt>
      <bindings/>
      <transitions>
        <transition id="9601c5e5-94ba-43cd-862a-7e43d9f980af">
          <annotation></annotation>
          <name>return</name>
          <command>NEXT</command>
          <linkMode>false</linkMode>
          <responseSymbol>success</responseSymbol>
          <shouldHandoff>false</shouldHandoff>
          <transitionValue>0.0</transitionValue>
          <destination>
            <refId>e4672a3e-7594-4ca5-aadf-eabbd7e94c7b</refId>
          </destination>
          <source>
            <refId>e4672a3e-7594-4ca5-aadf-eabbd7e94c7b</refId>
          </source>
          <positions/>
        </transition>
      </transitions>
      <properties/>
      <returnStepType>RESOLVED</returnStepType>
      <assignments/>
    </returnStep>
    <step id="d89e84a6-8b43-4af5-863c-0b6d8eda5188">
      <annotation>77c5966b-1610-4501-b62f-382952db6d14.d89e84a6-8b43-4af5-863c-0b6d8eda5188.description</annotation>
      <name>Constuct Json</name>
      <bounds>
        <x>245.0</x>
        <y>301.0</y>
      </bounds>
      <layer>-1</layer>
      <hideInbound>false</hideInbound>
      <iconSpec id="880a284a-5be8-4e30-867a-d8a901ec3838">
        <baseIcon>bug_red.png</baseIcon>
        <basePath>/Others/</basePath>
        <readOnly>false</readOnly>
        <layers/>
      </iconSpec>
      <addResultToRunContext>false</addResultToRunContext>
      <isCriticalStep>false</isCriticalStep>
      <isNonBlocking>false</isNonBlocking>
      <isParallelStep>false</isParallelStep>
      <isSingleResponse>false</isSingleResponse>
      <recordInHistory>false</recordInHistory>
      <recordRawOutput>true</recordRawOutput>
      <recordPrimaryOutput>true</recordPrimaryOutput>
      <checkPointStep>true</checkPointStep>
      <historyCheckPointStep>true</historyCheckPointStep>
      <scriptResultStep>false</scriptResultStep>
      <userPrompt></userPrompt>
      <bindings>
        <staticBinding id="76504108-d50a-4f88-bd83-6d16960ea9e4">
          <annotation></annotation>
          <assignFromContext>false</assignFromContext>
          <assignToContext>false</assignToContext>
          <inputType>STRING</inputType>
          <isList>false</isList>
          <required>false</required>
          <isPersisted>true</isPersisted>
          <inputSymbol>field1</inputSymbol>
          <listDelimiter>,</listDelimiter>
          <value>{
  &quot;OO_RUN_ID&quot;: &quot;${oorunId}&quot;,
  &quot;Failure Message&quot;: &quot;ERROR:${failureMessage}&quot;
}</value>
          <record>false</record>
        </staticBinding>
      </bindings>
      <transitions>
        <transition id="fa84ef5c-d7ba-4436-a63c-94123d67feed">
          <annotation></annotation>
          <name>success</name>
          <command>NEXT</command>
          <linkMode>false</linkMode>
          <responseSymbol>success</responseSymbol>
          <shouldHandoff>false</shouldHandoff>
          <transitionValue>0.0</transitionValue>
          <destination>
            <refId>e4672a3e-7594-4ca5-aadf-eabbd7e94c7b</refId>
          </destination>
          <source>
            <refId>d89e84a6-8b43-4af5-863c-0b6d8eda5188</refId>
          </source>
          <positions>
            <point>
              <x>290.0</x>
              <y>334.0</y>
            </point>
            <point>
              <x>409.0</x>
              <y>164.0</y>
            </point>
          </positions>
          <labelPosition>
            <x>333.0</x>
            <y>0.0</y>
          </labelPosition>
        </transition>
      </transitions>
      <properties/>
      <opRef>
        <refId>ddd79f22-8b1e-4605-88d5-d912bb2da2b9</refId>
      </opRef>
      <assignments>
        <flowVariableAssignment id="db15aa61-8971-4ea4-bb70-b20b2d48a5e1">
          <annotation></annotation>
          <name>assignment</name>
          <action>OVERWRITE</action>
          <assignmentTargetType>FLOW_VARIABLE</assignmentTargetType>
          <contextKey>failureJson</contextKey>
          <expression id="625878dc-c3da-44de-9d08-b3ac10bc2a83">
            <annotation></annotation>
            <name>Input: field1</name>
            <fieldName>field1</fieldName>
            <sourceType>INPUT</sourceType>
            <filters/>
          </expression>
        </flowVariableAssignment>
        <flowVariableAssignment id="bc1984de-d731-4a26-9aae-8113bcef09a9">
          <annotation></annotation>
          <name>assignment</name>
          <action>OVERWRITE</action>
          <assignmentTargetType>FLOW_OUTPUT_FIELD</assignmentTargetType>
          <contextKey>failureJson</contextKey>
          <expression id="cf2d636c-f47f-4527-8f21-ddf2cea3137d">
            <annotation></annotation>
            <name>Input: field1</name>
            <fieldName>field1</fieldName>
            <sourceType>INPUT</sourceType>
            <filters/>
          </expression>
        </flowVariableAssignment>
      </assignments>
      <throttleSize>0</throttleSize>
    </step>
  </steps>
  <startSteps>2b562385-3942-40a2-91d0-552704ad6a55</startSteps>
</flow>